name,email,password,tipo
Vicente Costela,vicentecostela59598@soumaissantissimo.com.br,1234,professor
Dr. João Lucas Moreira,dr.joãolucasmoreira42662@soumaissantissimo.com.br,1234,aluno
Maria Pires,mariapires62242@soumaissantissimo.com.br,1234,aluno
Dr. Yuri Farias,dr.yurifarias21611@soumaissantissimo.com.br,1234,professor
Ana Julia Freitas,anajuliafreitas54437@soumaissantissimo.com.br,1234,professor
Vitor Gabriel Vieira,vitorgabrielvieira30626@soumaissantissimo.com.br,1234,aluno
Erick Farias,erickfarias34821@soumaissantissimo.com.br,1234,aluno
Thales Azevedo,thalesazevedo21547@soumaissantissimo.com.br,1234,aluno
Maysa Melo,maysamelo65655@soumaissantissimo.com.br,1234,aluno
Noah Jesus,noahjesus42886@soumaissantissimo.com.br,1234,aluno
Sr. Nicolas Nunes,sr.nicolasnunes11374@soumaissantissimo.com.br,1234,aluno
Anthony Rocha,anthonyrocha25095@soumaissantissimo.com.br,1234,aluno
Ana Julia Novaes,anajulianovaes48968@soumaissantissimo.com.br,1234,aluno
Helena Pereira,helenapereira27375@soumaissantissimo.com.br,1234,aluno
Joaquim Novaes,joaquimnovaes54003@soumaissantissimo.com.br,1234,aluno
Sra. Mariana da Paz,sra.marianadapaz59985@soumaissantissimo.com.br,1234,aluno
Bruna Nascimento,brunanascimento93044@soumaissantissimo.com.br,1234,aluno
Dra. Melissa da Costa,dra.melissadacosta43232@soumaissantissimo.com.br,1234,aluno
Joaquim Barbosa,joaquimbarbosa97811@soumaissantissimo.com.br,1234,aluno
Cauê Jesus,cauêjesus86544@soumaissantissimo.com.br,1234,aluno
Heloísa da Rosa,heloísadarosa24814@soumaissantissimo.com.br,1234,aluno
Maysa Teixeira,maysateixeira99560@soumaissantissimo.com.br,1234,aluno
Nicolas Sales,nicolassales68064@soumaissantissimo.com.br,1234,aluno
Raquel Castro,raquelcastro17455@soumaissantissimo.com.br,1234,aluno
Antônio Pinto,antôniopinto55317@soumaissantissimo.com.br,1234,aluno
Alexandre Campos,alexandrecampos84953@soumaissantissimo.com.br,1234,aluno
Bryan Peixoto,bryanpeixoto82642@soumaissantissimo.com.br,1234,aluno
Sra. Ana Laura Peixoto,sra.analaurapeixoto97792@soumaissantissimo.com.br,1234,professor
Kevin Cavalcanti,kevincavalcanti88276@soumaissantissimo.com.br,1234,aluno
Benjamin da Luz,benjamindaluz61457@soumaissantissimo.com.br,1234,aluno
Lucas Gabriel Barbosa,lucasgabrielbarbosa42612@soumaissantissimo.com.br,1234,professor
Juliana Peixoto,julianapeixoto88107@soumaissantissimo.com.br,1234,aluno
Srta. Daniela Dias,srta.danieladias51107@soumaissantissimo.com.br,1234,aluno
Sophie Cardoso,sophiecardoso23268@soumaissantissimo.com.br,1234,aluno
Rafaela Peixoto,rafaelapeixoto68782@soumaissantissimo.com.br,1234,professor
Antônio Dias,antôniodias23715@soumaissantissimo.com.br,1234,aluno
Vicente Rodrigues,vicenterodrigues95790@soumaissantissimo.com.br,1234,aluno
Juan da Costa,juandacosta88396@soumaissantissimo.com.br,1234,aluno
Antônio Mendes,antôniomendes87084@soumaissantissimo.com.br,1234,professor
Davi Vieira,davivieira34958@soumaissantissimo.com.br,1234,aluno
Amanda Martins,amandamartins91113@soumaissantissimo.com.br,1234,aluno
Davi da Rosa,davidarosa32484@soumaissantissimo.com.br,1234,aluno
Calebe Rodrigues,caleberodrigues34574@soumaissantissimo.com.br,1234,aluno
Isaac Rodrigues,isaacrodrigues30491@soumaissantissimo.com.br,1234,aluno
Benjamin Teixeira,benjaminteixeira47941@soumaissantissimo.com.br,1234,aluno
João Carvalho,joãocarvalho74693@soumaissantissimo.com.br,1234,aluno
Ana Sophia Moreira,anasophiamoreira41632@soumaissantissimo.com.br,1234,aluno
Lavínia da Rocha,lavíniadarocha82448@soumaissantissimo.com.br,1234,professor
Brenda Pires,brendapires16211@soumaissantissimo.com.br,1234,aluno
Natália Santos,natáliasantos49087@soumaissantissimo.com.br,1234,aluno
Leonardo Porto,leonardoporto71762@soumaissantissimo.com.br,1234,aluno
Eduardo Melo,eduardomelo91056@soumaissantissimo.com.br,1234,aluno
Juan Martins,juanmartins45725@soumaissantissimo.com.br,1234,aluno
Maitê Castro,maitêcastro76417@soumaissantissimo.com.br,1234,aluno
João Felipe Pinto,joãofelipepinto63471@soumaissantissimo.com.br,1234,professor
Enzo Ramos,enzoramos44338@soumaissantissimo.com.br,1234,professor
Lorenzo Costa,lorenzocosta21371@soumaissantissimo.com.br,1234,professor
Thales Moreira,thalesmoreira10769@soumaissantissimo.com.br,1234,aluno
Lorenzo da Conceição,lorenzodaconceição55124@soumaissantissimo.com.br,1234,aluno
Sr. Samuel das Neves,sr.samueldasneves33489@soumaissantissimo.com.br,1234,aluno
Rodrigo Costela,rodrigocostela49249@soumaissantissimo.com.br,1234,aluno
Davi Luiz Silva,daviluizsilva98559@soumaissantissimo.com.br,1234,aluno
Luiz Gustavo Castro,luizgustavocastro90145@soumaissantissimo.com.br,1234,aluno
Otávio Costela,otáviocostela75665@soumaissantissimo.com.br,1234,aluno
Erick Farias,erickfarias24296@soumaissantissimo.com.br,1234,aluno
Igor Farias,igorfarias77904@soumaissantissimo.com.br,1234,aluno
Francisco Barros,franciscobarros56506@soumaissantissimo.com.br,1234,aluno
Cauê Ramos,cauêramos37844@soumaissantissimo.com.br,1234,aluno
Srta. Clarice da Rosa,srta.claricedarosa86204@soumaissantissimo.com.br,1234,aluno
Calebe Aragão,calebearagão76863@soumaissantissimo.com.br,1234,aluno
Milena Moraes,milenamoraes66551@soumaissantissimo.com.br,1234,aluno
Bianca Cardoso,biancacardoso93816@soumaissantissimo.com.br,1234,aluno
Alícia Fogaça,alíciafogaça10657@soumaissantissimo.com.br,1234,aluno
Sr. Rafael Silveira,sr.rafaelsilveira48333@soumaissantissimo.com.br,1234,professor
Júlia Porto,júliaporto35935@soumaissantissimo.com.br,1234,professor
Isaac Moraes,isaacmoraes31742@soumaissantissimo.com.br,1234,aluno
Rebeca Fogaça,rebecafogaça61994@soumaissantissimo.com.br,1234,aluno
Sra. Maria Julia Rocha,sra.mariajuliarocha24379@soumaissantissimo.com.br,1234,aluno
Vitor Hugo Novaes,vitorhugonovaes23447@soumaissantissimo.com.br,1234,aluno
Maysa Porto,maysaporto10043@soumaissantissimo.com.br,1234,aluno
Dr. Vinicius Azevedo,dr.viniciusazevedo48107@soumaissantissimo.com.br,1234,aluno
Yasmin da Cunha,yasmindacunha45990@soumaissantissimo.com.br,1234,aluno
Thales da Luz,thalesdaluz29848@soumaissantissimo.com.br,1234,aluno
Alexandre Pinto,alexandrepinto36708@soumaissantissimo.com.br,1234,aluno
Ana Beatriz Caldeira,anabeatrizcaldeira97918@soumaissantissimo.com.br,1234,professor
Ryan da Paz,ryandapaz39755@soumaissantissimo.com.br,1234,aluno
Valentina Castro,valentinacastro65063@soumaissantissimo.com.br,1234,aluno
João Vitor da Rocha,joãovitordarocha10387@soumaissantissimo.com.br,1234,aluno
Nina Moura,ninamoura36750@soumaissantissimo.com.br,1234,aluno
Samuel Carvalho,samuelcarvalho54686@soumaissantissimo.com.br,1234,aluno
Sr. Bryan Viana,sr.bryanviana14151@soumaissantissimo.com.br,1234,aluno
Paulo Monteiro,paulomonteiro60303@soumaissantissimo.com.br,1234,aluno
Benjamin Costa,benjamincosta44794@soumaissantissimo.com.br,1234,aluno
Bernardo da Conceição,bernardodaconceição60765@soumaissantissimo.com.br,1234,aluno
Sra. Isadora das Neves,sra.isadoradasneves22026@soumaissantissimo.com.br,1234,aluno
Sophia Mendes,sophiamendes14462@soumaissantissimo.com.br,1234,aluno
Mirella Moraes,mirellamoraes92152@soumaissantissimo.com.br,1234,aluno
Olivia Peixoto,oliviapeixoto84867@soumaissantissimo.com.br,1234,aluno
Stephany Sales,stephanysales66346@soumaissantissimo.com.br,1234,aluno
Isadora das Neves,isadoradasneves98395@soumaissantissimo.com.br,1234,aluno
